<?xml version='1.0' encoding='UTF-8'?>
<?artifactRepository class='org.eclipse.equinox.internal.p2.artifact.repository.simple.SimpleArtifactRepository' version='1.0.0'?>
<repository name='file:/C:/MyDocs/Projects/2009/MISA Transformations/misa.rsm75.wset/misa.ws/misa update site/ - artifacts' type='org.eclipse.equinox.p2.artifact.repository.simpleRepository' version='1.0.0'>
  <properties size='2'>
    <property name='p2.compressed' value='false'/>
    <property name='p2.timestamp' value='1260212509531'/>
  </properties>
  <mappings size='3'>
    <rule filter='(&amp; (classifier=osgi.bundle))' output='${repoUrl}/plugins/${id}_${version}.jar'/>
    <rule filter='(&amp; (classifier=binary))' output='${repoUrl}/binary/${id}_${version}'/>
    <rule filter='(&amp; (classifier=org.eclipse.update.feature))' output='${repoUrl}/features/${id}_${version}.jar'/>
  </mappings>
  <artifacts size='42'>
    <artifact classifier='osgi.bundle' id='misa.xform.rrc' version='1.0.0.200912071401'>
      <properties size='3'>
        <property name='artifact.size' value='12536'/>
        <property name='download.size' value='12536'/>
        <property name='download.contentType' value='application/zip'/>
      </properties>
    </artifact>
    <artifact classifier='osgi.bundle' id='misa.xform.model.extract' version='1.0.0.200912071401'>
      <properties size='3'>
        <property name='artifact.size' value='38679'/>
        <property name='download.size' value='38679'/>
        <property name='download.contentType' value='application/zip'/>
      </properties>
    </artifact>
    <artifact classifier='osgi.bundle' id='misa.xform.front' version='1.0.0.200909110938'>
      <properties size='3'>
        <property name='artifact.size' value='22692'/>
        <property name='download.size' value='22692'/>
        <property name='download.contentType' value='application/zip'/>
      </properties>
    </artifact>
    <artifact classifier='osgi.bundle' id='misa.xform.front' version='1.0.0.200909110817'>
      <properties size='3'>
        <property name='artifact.size' value='22692'/>
        <property name='download.size' value='22692'/>
        <property name='download.contentType' value='application/zip'/>
      </properties>
    </artifact>
    <artifact classifier='org.eclipse.update.feature' id='misa.xform.feature' version='1.0.0.200909110946'>
      <properties size='2'>
        <property name='artifact.size' value='722'/>
        <property name='download.size' value='722'/>
      </properties>
    </artifact>
    <artifact classifier='osgi.bundle' id='misa.xform.model.extract.edit' version='1.0.0.200909140915'>
      <properties size='3'>
        <property name='artifact.size' value='20802'/>
        <property name='download.size' value='20802'/>
        <property name='download.contentType' value='application/zip'/>
      </properties>
    </artifact>
    <artifact classifier='osgi.bundle' id='misa.xform.rrc' version='1.0.0.200911111515'>
      <properties size='3'>
        <property name='artifact.size' value='12530'/>
        <property name='download.size' value='12530'/>
        <property name='download.contentType' value='application/zip'/>
      </properties>
    </artifact>
    <artifact classifier='osgi.bundle' id='misa.xform.rrc' version='1.0.0.200909110938'>
      <properties size='3'>
        <property name='artifact.size' value='12537'/>
        <property name='download.size' value='12537'/>
        <property name='download.contentType' value='application/zip'/>
      </properties>
    </artifact>
    <artifact classifier='osgi.bundle' id='misa.xform.reqpro' version='1.0.0.200909110946'>
      <properties size='3'>
        <property name='artifact.size' value='3578'/>
        <property name='download.size' value='3578'/>
        <property name='download.contentType' value='application/zip'/>
      </properties>
    </artifact>
    <artifact classifier='osgi.bundle' id='reqpro.api' version='1.0.0.200909110817'>
      <properties size='3'>
        <property name='artifact.size' value='582691'/>
        <property name='download.size' value='582691'/>
        <property name='download.contentType' value='application/zip'/>
      </properties>
    </artifact>
    <artifact classifier='osgi.bundle' id='reqpro.api' version='1.0.0.200909110938'>
      <properties size='3'>
        <property name='artifact.size' value='582691'/>
        <property name='download.size' value='582691'/>
        <property name='download.contentType' value='application/zip'/>
      </properties>
    </artifact>
    <artifact classifier='osgi.bundle' id='misa.xform.front' version='1.0.0.200911111515'>
      <properties size='3'>
        <property name='artifact.size' value='23664'/>
        <property name='download.size' value='23664'/>
        <property name='download.contentType' value='application/zip'/>
      </properties>
    </artifact>
    <artifact classifier='osgi.bundle' id='reqpro.api' version='1.0.0.200911111515'>
      <properties size='3'>
        <property name='artifact.size' value='582690'/>
        <property name='download.size' value='582690'/>
        <property name='download.contentType' value='application/zip'/>
      </properties>
    </artifact>
    <artifact classifier='osgi.bundle' id='reqpro.api' version='1.0.0.200912071401'>
      <properties size='3'>
        <property name='artifact.size' value='582691'/>
        <property name='download.size' value='582691'/>
        <property name='download.contentType' value='application/zip'/>
      </properties>
    </artifact>
    <artifact classifier='osgi.bundle' id='misa.xform.front' version='1.0.0.200912071401'>
      <properties size='3'>
        <property name='artifact.size' value='23664'/>
        <property name='download.size' value='23664'/>
        <property name='download.contentType' value='application/zip'/>
      </properties>
    </artifact>
    <artifact classifier='osgi.bundle' id='misa.xform.model.extract.edit' version='1.0.0.200909110946'>
      <properties size='3'>
        <property name='artifact.size' value='20801'/>
        <property name='download.size' value='20801'/>
        <property name='download.contentType' value='application/zip'/>
      </properties>
    </artifact>
    <artifact classifier='org.eclipse.update.feature' id='misa.xform.feature' version='1.0.0.200911111515'>
      <properties size='2'>
        <property name='artifact.size' value='720'/>
        <property name='download.size' value='720'/>
      </properties>
    </artifact>
    <artifact classifier='org.eclipse.update.feature' id='misa.xform.feature' version='1.0.0.200909110938'>
      <properties size='2'>
        <property name='artifact.size' value='721'/>
        <property name='download.size' value='721'/>
      </properties>
    </artifact>
    <artifact classifier='org.eclipse.update.feature' id='misa.xform.feature' version='1.0.0'>
      <properties size='2'>
        <property name='artifact.size' value='722'/>
        <property name='download.size' value='722'/>
      </properties>
    </artifact>
    <artifact classifier='osgi.bundle' id='misa.xform.reqpro' version='1.0.0.200909110817'>
      <properties size='3'>
        <property name='artifact.size' value='3578'/>
        <property name='download.size' value='3578'/>
        <property name='download.contentType' value='application/zip'/>
      </properties>
    </artifact>
    <artifact classifier='osgi.bundle' id='misa.xform.reqpro' version='1.0.0.200909110938'>
      <properties size='3'>
        <property name='artifact.size' value='3578'/>
        <property name='download.size' value='3578'/>
        <property name='download.contentType' value='application/zip'/>
      </properties>
    </artifact>
    <artifact classifier='org.eclipse.update.feature' id='misa.xform.feature' version='1.0.0.200912071401'>
      <properties size='2'>
        <property name='artifact.size' value='722'/>
        <property name='download.size' value='722'/>
      </properties>
    </artifact>
    <artifact classifier='osgi.bundle' id='misa.xform.reqpro' version='1.0.0.200911111515'>
      <properties size='3'>
        <property name='artifact.size' value='3850'/>
        <property name='download.size' value='3850'/>
        <property name='download.contentType' value='application/zip'/>
      </properties>
    </artifact>
    <artifact classifier='osgi.bundle' id='misa.xform.model.extract' version='1.0.0.200909140915'>
      <properties size='3'>
        <property name='artifact.size' value='38679'/>
        <property name='download.size' value='38679'/>
        <property name='download.contentType' value='application/zip'/>
      </properties>
    </artifact>
    <artifact classifier='osgi.bundle' id='misa.xform.reqpro' version='1.0.0.200912071401'>
      <properties size='3'>
        <property name='artifact.size' value='5248'/>
        <property name='download.size' value='5248'/>
        <property name='download.contentType' value='application/zip'/>
      </properties>
    </artifact>
    <artifact classifier='osgi.bundle' id='misa.xform.model.extract.edit' version='1.0.0.200909110938'>
      <properties size='3'>
        <property name='artifact.size' value='20802'/>
        <property name='download.size' value='20802'/>
        <property name='download.contentType' value='application/zip'/>
      </properties>
    </artifact>
    <artifact classifier='osgi.bundle' id='misa.xform.model.extract.edit' version='1.0.0.200909110817'>
      <properties size='3'>
        <property name='artifact.size' value='20802'/>
        <property name='download.size' value='20802'/>
        <property name='download.contentType' value='application/zip'/>
      </properties>
    </artifact>
    <artifact classifier='osgi.bundle' id='misa.xform.rrc' version='1.0.0.200909140915'>
      <properties size='3'>
        <property name='artifact.size' value='12532'/>
        <property name='download.size' value='12532'/>
        <property name='download.contentType' value='application/zip'/>
      </properties>
    </artifact>
    <artifact classifier='osgi.bundle' id='misa.xform.front' version='1.0.0.200909140915'>
      <properties size='3'>
        <property name='artifact.size' value='23593'/>
        <property name='download.size' value='23593'/>
        <property name='download.contentType' value='application/zip'/>
      </properties>
    </artifact>
    <artifact classifier='osgi.bundle' id='misa.xform.model.extract.edit' version='1.0.0.200912071401'>
      <properties size='3'>
        <property name='artifact.size' value='20802'/>
        <property name='download.size' value='20802'/>
        <property name='download.contentType' value='application/zip'/>
      </properties>
    </artifact>
    <artifact classifier='osgi.bundle' id='misa.xform.model.extract' version='1.0.0.200909110946'>
      <properties size='3'>
        <property name='artifact.size' value='38678'/>
        <property name='download.size' value='38678'/>
        <property name='download.contentType' value='application/zip'/>
      </properties>
    </artifact>
    <artifact classifier='osgi.bundle' id='misa.xform.model.extract.edit' version='1.0.0.200911111515'>
      <properties size='3'>
        <property name='artifact.size' value='20800'/>
        <property name='download.size' value='20800'/>
        <property name='download.contentType' value='application/zip'/>
      </properties>
    </artifact>
    <artifact classifier='osgi.bundle' id='reqpro.api' version='1.0.0.200909140915'>
      <properties size='3'>
        <property name='artifact.size' value='582690'/>
        <property name='download.size' value='582690'/>
        <property name='download.contentType' value='application/zip'/>
      </properties>
    </artifact>
    <artifact classifier='osgi.bundle' id='misa.xform.front' version='1.0.0.200909110946'>
      <properties size='3'>
        <property name='artifact.size' value='22692'/>
        <property name='download.size' value='22692'/>
        <property name='download.contentType' value='application/zip'/>
      </properties>
    </artifact>
    <artifact classifier='osgi.bundle' id='misa.xform.rrc' version='1.0.0.200909110946'>
      <properties size='3'>
        <property name='artifact.size' value='12532'/>
        <property name='download.size' value='12532'/>
        <property name='download.contentType' value='application/zip'/>
      </properties>
    </artifact>
    <artifact classifier='osgi.bundle' id='misa.xform.reqpro' version='1.0.0.200909140915'>
      <properties size='3'>
        <property name='artifact.size' value='3626'/>
        <property name='download.size' value='3626'/>
        <property name='download.contentType' value='application/zip'/>
      </properties>
    </artifact>
    <artifact classifier='osgi.bundle' id='reqpro.api' version='1.0.0.200909110946'>
      <properties size='3'>
        <property name='artifact.size' value='582691'/>
        <property name='download.size' value='582691'/>
        <property name='download.contentType' value='application/zip'/>
      </properties>
    </artifact>
    <artifact classifier='org.eclipse.update.feature' id='misa.xform.feature' version='1.0.0.200909140915'>
      <properties size='2'>
        <property name='artifact.size' value='721'/>
        <property name='download.size' value='721'/>
      </properties>
    </artifact>
    <artifact classifier='osgi.bundle' id='misa.xform.model.extract' version='1.0.0.200909110938'>
      <properties size='3'>
        <property name='artifact.size' value='38679'/>
        <property name='download.size' value='38679'/>
        <property name='download.contentType' value='application/zip'/>
      </properties>
    </artifact>
    <artifact classifier='osgi.bundle' id='misa.xform.model.extract' version='1.0.0.200909110817'>
      <properties size='3'>
        <property name='artifact.size' value='38680'/>
        <property name='download.size' value='38680'/>
        <property name='download.contentType' value='application/zip'/>
      </properties>
    </artifact>
    <artifact classifier='osgi.bundle' id='misa.xform.rrc' version='1.0.0.200909110817'>
      <properties size='3'>
        <property name='artifact.size' value='12535'/>
        <property name='download.size' value='12535'/>
        <property name='download.contentType' value='application/zip'/>
      </properties>
    </artifact>
    <artifact classifier='osgi.bundle' id='misa.xform.model.extract' version='1.0.0.200911111515'>
      <properties size='3'>
        <property name='artifact.size' value='38677'/>
        <property name='download.size' value='38677'/>
        <property name='download.contentType' value='application/zip'/>
      </properties>
    </artifact>
  </artifacts>
</repository>
